{"cameraMode":{"drawMode":0,"name":"Shaded","section":"Shading Mode"},"sceneLighting":true,"audioPlay":false,"sceneViewState":{"showFog":true,"showMaterialUpdate":false,"showSkybox":true,"showFlares":true,"showImageEffects":true,"showParticleSystems":true},"in2DMode":false,"pivot":{"x":500.5661926269531,"y":-55.751136779785159,"z":-134.78453063964845},"rotation":{"x":0.03798083961009979,"y":0.775780200958252,"z":-0.04680595174431801,"w":0.6282109618186951},"size":513.3037719726563,"orthographic":false}