{"cameraMode":{"drawMode":0,"name":"Shaded","section":"Shading Mode"},"sceneLighting":true,"audioPlay":false,"sceneViewState":{"showFog":true,"showMaterialUpdate":false,"showSkybox":true,"showFlares":true,"showImageEffects":true,"showParticleSystems":true},"in2DMode":false,"pivot":{"x":-15.182455062866211,"y":-9.81265926361084,"z":9.182927131652832},"rotation":{"x":-0.24799339473247529,"y":0.4830850660800934,"z":-0.14488716423511506,"w":-0.8271613717079163},"size":19.942903518676759,"orthographic":false}