{"cameraMode":{"drawMode":0,"name":"Shaded","section":"Shading Mode"},"sceneLighting":false,"audioPlay":false,"sceneViewState":{"showFog":true,"showMaterialUpdate":false,"showSkybox":true,"showFlares":true,"showImageEffects":true,"showParticleSystems":true},"in2DMode":false,"pivot":{"x":9.292886734008789,"y":6.804466247558594,"z":-9.788198471069336},"rotation":{"x":0.17701832950115205,"y":-0.0672149732708931,"z":0.010342669673264027,"w":0.9820588231086731},"size":6.592404365539551,"orthographic":false}