{"cameraMode":{"drawMode":0,"name":"Shaded","section":"Shading Mode"},"sceneLighting":true,"audioPlay":false,"sceneViewState":{"showFog":true,"showMaterialUpdate":false,"showSkybox":true,"showFlares":true,"showImageEffects":true,"showParticleSystems":true},"in2DMode":false,"pivot":{"x":4.696707248687744,"y":33.22152328491211,"z":-1.95100736618042},"rotation":{"x":-0.23902080953121186,"y":0.013609667308628559,"z":-0.0004124015977140516,"w":-0.9714427590370178},"size":0.928297221660614,"orthographic":false}