{"cameraMode":{"drawMode":0,"name":"Shaded","section":"Shading Mode"},"sceneLighting":false,"audioPlay":false,"sceneViewState":{"showFog":true,"showMaterialUpdate":false,"showSkybox":true,"showFlares":true,"showImageEffects":true,"showParticleSystems":true},"in2DMode":false,"pivot":{"x":15.835569381713868,"y":2.834716320037842,"z":9.045441627502442},"rotation":{"x":0.18108466267585755,"y":-0.7167869806289673,"z":0.20216192305088044,"w":0.6425427794456482},"size":8.549516677856446,"orthographic":false}