{"cameraMode":{"drawMode":0,"name":"Shaded","section":"Shading Mode"},"sceneLighting":true,"audioPlay":false,"sceneViewState":{"showFog":true,"showMaterialUpdate":false,"showSkybox":true,"showFlares":true,"showImageEffects":true,"showParticleSystems":true},"in2DMode":false,"pivot":{"x":2.7027499675750734,"y":-1.163722038269043,"z":-7.056944370269775},"rotation":{"x":0.014649728313088417,"y":-0.9852800369262695,"z":0.12663252651691438,"w":0.11493121832609177},"size":9.374213218688965,"orthographic":false}