{"cameraMode":{"drawMode":0,"name":"Shaded","section":"Shading Mode"},"sceneLighting":false,"audioPlay":false,"sceneViewState":{"showFog":true,"showMaterialUpdate":false,"showSkybox":true,"showFlares":true,"showImageEffects":true,"showParticleSystems":true},"in2DMode":false,"pivot":{"x":163.59620666503907,"y":-121.92051696777344,"z":3.8901705741882326},"rotation":{"x":-0.42544665932655337,"y":0.004387991968542337,"z":-0.00023715455608908087,"w":-0.9055180549621582},"size":0.928297221660614,"orthographic":false}