{"cameraMode":{"drawMode":0,"name":"Shaded","section":"Shading Mode"},"sceneLighting":true,"audioPlay":false,"sceneViewState":{"showFog":true,"showMaterialUpdate":false,"showSkybox":true,"showFlares":true,"showImageEffects":true,"showParticleSystems":true},"in2DMode":false,"pivot":{"x":6.404534816741943,"y":2.9244961738586427,"z":9.670694351196289},"rotation":{"x":0.1726195216178894,"y":0.03621751815080643,"z":-0.010697842575609684,"w":0.9845735430717468},"size":5.822524547576904,"orthographic":false}