{"cameraMode":{"drawMode":0,"name":"Shaded","section":"Shading Mode"},"sceneLighting":false,"audioPlay":false,"sceneViewState":{"showFog":true,"showMaterialUpdate":false,"showSkybox":true,"showFlares":true,"showImageEffects":true,"showParticleSystems":true},"in2DMode":false,"pivot":{"x":160.77981567382813,"y":-171.5594024658203,"z":41.801429748535159},"rotation":{"x":0.016234140843153,"y":0.9732347726821899,"z":-0.08821163326501847,"w":0.2137199193239212},"size":1.595705509185791,"orthographic":false}